scenario,policy,seed_index,seed,stations,mcs,payload_bytes,load_skew,offered_mbps,received_packets,decision_count,learned_fallbacks,throughput_mbps,delay_mean_ms,delay_p95_ms,delay_p99_ms,fairness,decision_mean_us,decision_p95_us,decision_p99_us,decision_max_us,decision_deadline_miss_rate,inference_mean_us,inference_p95_us,inference_p99_us,inference_max_us,delivery_ratio
unseen_active_4,max_backlog,0,920000,4,8,1000,0.3,88.8,8684,547,0,69.472,418.545598,1145.55103,1205.853602,0.998871,93.074272,111.195,145.944,170.189,0.0,0.0,0.0,0.0,0.0,0.7823423423423423
unseen_active_4,max_backlog,1,920001,4,8,1000,0.3,88.8,8682,545,0,69.456,419.166555,1145.715623,1206.080746,0.998916,95.465628,106.658,149.054,165.133,0.0,0.0,0.0,0.0,0.0,0.7821621621621622
unseen_active_4,max_backlog,2,920002,4,8,1000,0.3,88.8,8686,543,0,69.488,418.55548,1145.82865,1206.441812,0.998887,92.253901,107.806,123.397,155.865,0.0,0.0,0.0,0.0,0.0,0.7825225225225225
unseen_active_4,max_backlog,3,920003,4,8,1000,0.3,88.8,8692,545,0,69.536,419.089939,1146.929184,1207.809816,0.998903,92.027024,108.664,143.197,163.396,0.0,0.0,0.0,0.0,0.0,0.7830630630630631
unseen_active_4,max_backlog,4,920004,4,8,1000,0.3,88.8,8694,544,0,69.552,419.496983,1145.063088,1205.727877,0.998858,94.866664,109.823,160.512,168.617,0.0,0.0,0.0,0.0,0.0,0.7832432432432433
unseen_active_4,max_backlog,5,920005,4,8,1000,0.3,88.8,8690,549,0,69.52,419.499377,1149.844232,1210.342611,0.998857,97.02182,124.369,143.071,198.488,0.0,0.0,0.0,0.0,0.0,0.7828828828828829
unseen_active_4,max_backlog,6,920006,4,8,1000,0.3,88.8,8684,544,0,69.472,419.638921,1147.003312,1207.146258,0.998871,89.012404,105.464,156.018,164.794,0.0,0.0,0.0,0.0,0.0,0.7823423423423423
unseen_active_4,max_backlog,7,920007,4,8,1000,0.3,88.8,8686,545,0,69.488,418.528405,1145.183203,1206.284402,0.998856,130.659358,147.076,252.533,290.157,0.0,0.0,0.0,0.0,0.0,0.7825225225225225
unseen_active_4,max_backlog,8,920008,4,8,1000,0.3,88.8,8700,555,0,69.6,418.672976,1143.551431,1203.71222,0.998875,90.670681,119.051,160.493,178.327,0.0,0.0,0.0,0.0,0.0,0.7837837837837838
unseen_active_4,max_backlog,9,920009,4,8,1000,0.3,88.8,8688,542,0,69.504,419.293004,1147.513083,1208.078872,0.998872,89.377587,100.828,157.073,170.551,0.0,0.0,0.0,0.0,0.0,0.7827027027027028
unseen_active_4,ml_delay,0,920000,4,8,1000,0.3,88.8,9884,559,5,79.072,232.190311,684.36864,716.905329,0.978223,323.016342,353.878,399.258,481.31,0.0,176.387825,188.789,201.974,234.624,0.8904504504504505
unseen_active_4,ml_delay,1,920001,4,8,1000,0.3,88.8,9864,560,4,78.912,229.814988,679.314495,712.683594,0.978905,319.494414,336.212,358.488,474.237,0.0,174.747405,181.965,187.935,231.244,0.8886486486486488
unseen_active_4,ml_delay,2,920002,4,8,1000,0.3,88.8,9880,556,3,79.04,228.670775,675.549547,708.843009,0.978744,325.979793,363.305,411.363,490.213,0.0,177.119288,192.437,221.082,236.443,0.8900900900900902
unseen_active_4,ml_delay,3,920003,4,8,1000,0.3,88.8,9880,559,3,79.04,227.893907,673.22848,706.459554,0.977346,326.956902,359.782,404.433,496.907,0.0,177.295615,193.054,211.025,244.973,0.8900900900900902
unseen_active_4,ml_delay,4,920004,4,8,1000,0.3,88.8,9890,554,3,79.12,229.56346,677.517063,710.401727,0.977689,324.478884,355.134,387.55,458.23,0.0,176.161807,187.479,206.314,227.663,0.8909909909909911
unseen_active_4,ml_delay,5,920005,4,8,1000,0.3,88.8,9888,564,4,79.104,224.92101,662.770732,695.719664,0.978356,316.519121,335.702,369.352,476.063,0.0,175.519278,185.204,198.829,231.484,0.8908108108108108
unseen_active_4,ml_delay,6,920006,4,8,1000,0.3,88.8,9888,558,4,79.104,232.830307,687.402119,719.941641,0.978768,355.5786,376.393,536.627,590.784,0.0,175.387928,183.032,212.929,225.747,0.8908108108108108
unseen_active_4,ml_delay,7,920007,4,8,1000,0.3,88.8,9882,560,4,79.056,228.165193,671.945681,705.305588,0.977116,322.312477,348.528,413.316,485.149,0.0,176.064682,187.38,210.378,227.799,0.8902702702702703
unseen_active_4,ml_delay,8,920008,4,8,1000,0.3,88.8,9894,563,4,79.152,229.055924,674.469601,706.899243,0.977707,324.937911,338.636,456.595,482.725,0.0,174.882883,182.369,215.027,225.018,0.8913513513513514
unseen_active_4,ml_delay,9,920009,4,8,1000,0.3,88.8,9880,553,3,79.04,227.857909,672.131182,703.075614,0.977106,321.835136,338.423,352.77,433.419,0.0,175.015665,182.858,190.604,208.692,0.8900900900900902
unseen_active_4,ml_throughput,0,920000,4,8,1000,0.3,88.8,11095,1087,5,88.76,7.193411,13.639343,16.074869,0.933934,311.8148,338.634,411.64,466.608,0.0,176.375343,188.884,216.512,244.843,0.9995495495495497
unseen_active_4,ml_throughput,1,920001,4,8,1000,0.3,88.8,11098,1087,4,88.784,7.113681,13.674319,15.985945,0.932615,317.493884,341.823,389.445,464.819,0.0,176.149819,187.913,208.903,228.782,0.9998198198198199
unseen_active_4,ml_throughput,2,920002,4,8,1000,0.3,88.8,11100,1083,3,88.8,7.184121,13.602991,16.071657,0.931682,311.284094,331.215,354.275,453.168,0.0,175.112428,184.746,194.636,220.749,1.0
unseen_active_4,ml_throughput,3,920003,4,8,1000,0.3,88.8,11100,1079,3,88.8,7.261437,13.810459,16.254485,0.932801,309.221295,329.132,345.152,462.267,0.0,175.058297,183.983,193.189,226.971,1.0
unseen_active_4,ml_throughput,4,920004,4,8,1000,0.3,88.8,11100,1083,3,88.8,7.015428,13.362629,15.721337,0.929894,311.588149,337.332,362.601,467.828,0.0,176.018405,188.085,200.835,326.467,1.0
unseen_active_4,ml_throughput,5,920005,4,8,1000,0.3,88.8,11099,1098,4,88.792,7.145403,13.465567,15.939747,0.932865,343.440781,369.703,430.957,607.224,0.0,175.019203,183.807,195.916,218.836,0.9999099099099099
unseen_active_4,ml_throughput,6,920006,4,8,1000,0.3,88.8,11098,1081,4,88.784,7.14707,13.654861,16.022795,0.932664,308.161146,327.174,365.908,667.602,0.0,175.45538,183.896,202.129,314.752,0.9998198198198199
unseen_active_4,ml_throughput,7,920007,4,8,1000,0.3,88.8,11099,1084,4,88.792,7.173112,13.702059,16.070475,0.93174,312.82073,336.308,431.738,533.0,0.0,175.642864,186.874,222.845,253.942,0.9999099099099099
unseen_active_4,ml_throughput,8,920008,4,8,1000,0.3,88.8,11096,1083,4,88.768,7.231811,13.696719,16.192895,0.933982,313.064254,335.344,390.27,444.483,0.0,175.665682,186.429,208.039,292.745,0.9996396396396396
unseen_active_4,ml_throughput,9,920009,4,8,1000,0.3,88.8,11103,1079,3,88.824,7.103422,13.406595,15.871315,0.930612,314.134615,338.792,458.746,496.544,0.0,176.889162,191.788,226.253,306.619,1.0
unseen_active_4,oracle_delay,0,920000,4,8,1000,0.3,88.8,11100,1086,0,88.8,7.177429,11.037937,11.474765,0.932714,579.262182,628.593,872.883,1056.601,0.005525,0.0,0.0,0.0,0.0,1.0
unseen_active_4,oracle_delay,1,920001,4,8,1000,0.3,88.8,11097,1089,0,88.776,7.114978,10.945665,11.447029,0.931031,597.43587,695.053,1011.79,1040.283,0.018365,0.0,0.0,0.0,0.0,0.9997297297297297
unseen_active_4,oracle_delay,2,920002,4,8,1000,0.3,88.8,11100,1083,0,88.8,7.182749,11.043731,11.529215,0.93251,578.178856,636.356,675.506,1040.048,0.000923,0.0,0.0,0.0,0.0,1.0
unseen_active_4,oracle_delay,3,920003,4,8,1000,0.3,88.8,11101,1077,0,88.808,7.248282,11.139249,11.625785,0.933817,597.163553,823.044,1008.576,1064.515,0.011142,0.0,0.0,0.0,0.0,1.0
unseen_active_4,oracle_delay,4,920004,4,8,1000,0.3,88.8,11103,1090,0,88.824,7.024352,10.789767,11.243059,0.932506,587.053965,650.582,723.321,1779.923,0.001835,0.0,0.0,0.0,0.0,1.0
unseen_active_4,oracle_delay,5,920005,4,8,1000,0.3,88.8,11101,1100,0,88.808,7.144573,10.980029,11.426985,0.930258,579.929435,639.899,744.86,1779.527,0.000909,0.0,0.0,0.0,0.0,1.0
unseen_active_4,oracle_delay,6,920006,4,8,1000,0.3,88.8,11099,1085,0,88.792,7.142896,10.977679,11.403285,0.933263,592.870627,668.828,880.649,1078.215,0.000922,0.0,0.0,0.0,0.0,0.9999099099099099
unseen_active_4,oracle_delay,7,920007,4,8,1000,0.3,88.8,11101,1084,0,88.808,7.168974,11.011787,11.454286,0.931795,624.843655,671.646,922.439,1256.776,0.00738,0.0,0.0,0.0,0.0,1.0
unseen_active_4,oracle_delay,8,920008,4,8,1000,0.3,88.8,11096,1087,0,88.768,7.234907,11.106279,11.568475,0.930624,567.314915,620.525,662.704,1034.952,0.00184,0.0,0.0,0.0,0.0,0.9996396396396396
unseen_active_4,oracle_delay,9,920009,4,8,1000,0.3,88.8,11101,1085,0,88.808,7.100307,10.903191,11.378285,0.932611,572.674721,625.175,706.523,1008.241,0.000922,0.0,0.0,0.0,0.0,1.0
unseen_active_4,oracle_throughput,0,920000,4,8,1000,0.3,88.8,11096,1039,0,88.768,7.238974,14.141999,16.362135,0.932308,571.854009,628.617,658.594,777.025,0.0,0.0,0.0,0.0,0.0,0.9996396396396396
unseen_active_4,oracle_throughput,1,920001,4,8,1000,0.3,88.8,11097,1044,0,88.776,7.316068,14.189479,16.417055,0.932836,584.276013,656.589,959.695,1064.762,0.004789,0.0,0.0,0.0,0.0,0.9997297297297297
unseen_active_4,oracle_throughput,2,920002,4,8,1000,0.3,88.8,11098,1049,0,88.784,7.370325,14.449545,16.737419,0.931787,589.104342,638.998,1041.666,1136.756,0.018112,0.0,0.0,0.0,0.0,0.9998198198198199
unseen_active_4,oracle_throughput,3,920003,4,8,1000,0.3,88.8,11102,1003,0,88.816,7.672516,14.146275,16.805825,0.931894,589.423303,648.146,940.049,1087.558,0.003988,0.0,0.0,0.0,0.0,1.0
unseen_active_4,oracle_throughput,4,920004,4,8,1000,0.3,88.8,11110,1011,0,88.88,7.432115,13.613645,16.222047,0.931522,580.074996,635.763,854.153,1055.153,0.001978,0.0,0.0,0.0,0.0,1.0
unseen_active_4,oracle_throughput,5,920005,4,8,1000,0.3,88.8,11100,1064,0,88.8,7.393176,14.311629,16.634975,0.930566,597.546808,944.674,1002.517,1063.845,0.013158,0.0,0.0,0.0,0.0,1.0
unseen_active_4,oracle_throughput,6,920006,4,8,1000,0.3,88.8,11101,1050,0,88.808,7.285103,14.070249,16.396609,0.934278,640.06348,692.377,1062.563,1231.42,0.01619,0.0,0.0,0.0,0.0,1.0
unseen_active_4,oracle_throughput,7,920007,4,8,1000,0.3,88.8,11095,1061,0,88.76,7.25339,14.177759,16.424307,0.933116,604.295888,949.421,1010.172,1056.878,0.01508,0.0,0.0,0.0,0.0,0.9995495495495497
unseen_active_4,oracle_throughput,8,920008,4,8,1000,0.3,88.8,11092,1016,0,88.736,7.708804,13.804981,16.688947,0.933118,567.804257,627.937,845.771,1054.146,0.001969,0.0,0.0,0.0,0.0,0.9992792792792794
unseen_active_4,oracle_throughput,9,920009,4,8,1000,0.3,88.8,11102,1076,0,88.816,7.208057,14.294017,16.369319,0.931527,571.855095,623.64,677.632,948.941,0.0,0.0,0.0,0.0,0.0,1.0
unseen_active_4,rr_default,0,920000,4,8,1000,0.3,88.8,8684,0,0,69.472,419.109779,1148.37154,1208.566269,0.998871,0.0,0.0,0.0,0.0,0.0,0.0,0.0,0.0,0.0,0.7823423423423423
unseen_active_4,rr_default,1,920001,4,8,1000,0.3,88.8,8682,0,0,69.456,419.792728,1148.387566,1208.644846,0.998916,0.0,0.0,0.0,0.0,0.0,0.0,0.0,0.0,0.0,0.7821621621621622
unseen_active_4,rr_default,2,920002,4,8,1000,0.3,88.8,8686,0,0,69.488,419.049685,1147.858516,1208.631305,0.998887,0.0,0.0,0.0,0.0,0.0,0.0,0.0,0.0,0.0,0.7825225225225225
unseen_active_4,rr_default,3,920003,4,8,1000,0.3,88.8,8692,0,0,69.536,419.090664,1146.929184,1207.809816,0.998903,0.0,0.0,0.0,0.0,0.0,0.0,0.0,0.0,0.0,0.7830630630630631
unseen_active_4,rr_default,4,920004,4,8,1000,0.3,88.8,8694,0,0,69.552,420.115685,1147.370778,1208.035567,0.998858,0.0,0.0,0.0,0.0,0.0,0.0,0.0,0.0,0.0,0.7832432432432433
unseen_active_4,rr_default,5,920005,4,8,1000,0.3,88.8,8690,0,0,69.52,419.499377,1149.844232,1210.342611,0.998857,0.0,0.0,0.0,0.0,0.0,0.0,0.0,0.0,0.0,0.7828828828828829
unseen_active_4,rr_default,6,920006,4,8,1000,0.3,88.8,8684,0,0,69.472,419.639305,1147.003312,1207.146258,0.998871,0.0,0.0,0.0,0.0,0.0,0.0,0.0,0.0,0.0,0.7823423423423423
unseen_active_4,rr_default,7,920007,4,8,1000,0.3,88.8,8686,0,0,69.488,418.528405,1145.183203,1206.284402,0.998856,0.0,0.0,0.0,0.0,0.0,0.0,0.0,0.0,0.0,0.7825225225225225
unseen_active_4,rr_default,8,920008,4,8,1000,0.3,88.8,8700,0,0,69.6,418.672976,1143.551431,1203.71222,0.998875,0.0,0.0,0.0,0.0,0.0,0.0,0.0,0.0,0.0,0.7837837837837838
unseen_active_4,rr_default,9,920009,4,8,1000,0.3,88.8,8688,0,0,69.504,419.900216,1147.513083,1207.930305,0.998872,0.0,0.0,0.0,0.0,0.0,0.0,0.0,0.0,0.0,0.7827027027027028
unseen_active_7,max_backlog,0,920000,7,5,1000,0.55,77.4,5948,580,0,47.584,734.639144,1525.532404,1589.556184,0.969026,191.516986,227.186,274.737,317.472,0.0,0.0,0.0,0.0,0.0,0.6147803617571059
unseen_active_7,max_backlog,1,920001,7,5,1000,0.55,77.4,5952,589,0,47.616,667.086655,1439.75072,1504.552966,0.968986,171.208107,193.791,213.958,295.844,0.0,0.0,0.0,0.0,0.0,0.6151937984496123
unseen_active_7,max_backlog,2,920002,7,5,1000,0.55,77.4,5948,585,0,47.584,729.341274,1518.208618,1582.832756,0.969026,181.748745,208.122,320.975,328.268,0.0,0.0,0.0,0.0,0.0,0.6147803617571059
unseen_active_7,max_backlog,3,920003,7,5,1000,0.55,77.4,5944,582,0,47.552,733.479215,1522.85376,1586.286132,0.969189,190.825407,223.628,269.939,330.165,0.0,0.0,0.0,0.0,0.0,0.6143669250645994
unseen_active_7,max_backlog,4,920004,7,5,1000,0.55,77.4,5948,584,0,47.584,734.113101,1526.245082,1586.705784,0.969033,178.293022,198.287,226.215,301.121,0.0,0.0,0.0,0.0,0.0,0.6147803617571059
unseen_active_7,max_backlog,5,920005,7,5,1000,0.55,77.4,5944,578,0,47.552,732.714814,1523.432992,1583.475228,0.968844,244.668766,273.237,298.701,365.06,0.0,0.0,0.0,0.0,0.0,0.6143669250645994
unseen_active_7,max_backlog,6,920006,7,5,1000,0.55,77.4,5948,582,0,47.584,732.342027,1523.14973,1584.667828,0.969701,183.483704,212.804,315.113,382.975,0.0,0.0,0.0,0.0,0.0,0.6147803617571059
unseen_active_7,max_backlog,7,920007,7,5,1000,0.55,77.4,5944,583,0,47.552,730.413679,1516.1695,1579.727922,0.96885,190.313461,217.176,299.321,344.056,0.0,0.0,0.0,0.0,0.0,0.6143669250645994
unseen_active_7,max_backlog,8,920008,7,5,1000,0.55,77.4,5936,585,0,47.488,729.086285,1519.45309,1581.06458,0.970057,187.705651,214.946,255.236,321.953,0.0,0.0,0.0,0.0,0.0,0.6135400516795865
unseen_active_7,max_backlog,9,920009,7,5,1000,0.55,77.4,5944,584,0,47.552,732.229612,1519.55528,1584.135918,0.96907,183.294817,202.021,209.031,239.146,0.0,0.0,0.0,0.0,0.0,0.6143669250645994
unseen_active_7,ml_delay,0,920000,7,5,1000,0.55,77.4,6434,576,2,51.472,641.287168,1377.376069,1432.433451,0.948506,636.064141,687.432,884.669,1006.773,0.003472,180.440378,195.651,224.017,244.906,0.6650129198966408
unseen_active_7,ml_delay,1,920001,7,5,1000,0.55,77.4,5725,586,8,45.8,627.893761,1399.412441,1477.23822,0.97921,573.119355,663.525,811.896,998.557,0.0,175.930082,187.364,218.281,245.177,0.5917312661498707
unseen_active_7,ml_delay,2,920002,7,5,1000,0.55,77.4,6140,585,5,49.12,694.352012,1457.78186,1520.601963,0.960405,617.256135,660.663,837.583,986.039,0.0,176.911335,188.549,213.852,235.97,0.6346253229974159
unseen_active_7,ml_delay,3,920003,7,5,1000,0.55,77.4,5925,577,3,47.4,730.469381,1530.995111,1593.461057,0.971463,654.501785,956.236,1031.03,1299.611,0.020797,182.155263,228.287,243.516,310.249,0.6124031007751938
unseen_active_7,ml_delay,4,920004,7,5,1000,0.55,77.4,6134,583,3,49.072,690.832731,1451.180905,1518.393909,0.962977,628.696317,692.703,885.435,1048.712,0.001715,179.681724,197.647,227.62,243.707,0.6340051679586564
unseen_active_7,ml_delay,5,920005,7,5,1000,0.55,77.4,6210,574,2,49.68,697.545127,1462.481189,1516.537979,0.958086,643.387456,728.859,979.275,1000.81,0.001742,180.744613,218.63,232.385,245.267,0.641860465116279
unseen_active_7,ml_delay,6,920006,7,5,1000,0.55,77.4,6368,582,4,50.944,660.812495,1402.053749,1456.422781,0.953322,608.546784,638.95,698.604,973.328,0.0,176.226476,184.577,201.19,255.237,0.6581912144702842
unseen_active_7,ml_delay,7,920007,7,5,1000,0.55,77.4,6296,572,2,50.368,652.035948,1404.790459,1462.281353,0.956207,636.429885,702.708,1065.2,1167.153,0.01049,176.27865,184.646,214.587,233.462,0.650749354005168
unseen_active_7,ml_delay,8,920008,7,5,1000,0.55,77.4,5906,580,5,47.248,719.719384,1509.927501,1573.713389,0.969829,631.056307,674.229,964.089,978.869,0.0,178.057762,191.02,233.277,239.719,0.610439276485788
unseen_active_7,ml_delay,9,920009,7,5,1000,0.55,77.4,5960,583,4,47.68,712.949404,1500.229695,1567.631941,0.969728,621.636187,666.878,700.8,982.47,0.0,177.022334,188.711,197.415,223.821,0.6160206718346253
unseen_active_7,ml_throughput,0,920000,7,5,1000,0.55,77.4,7699,568,2,61.592,376.954312,988.82418,1025.563676,0.898666,621.865857,651.71,879.519,1010.471,0.001761,175.989384,183.941,220.976,240.866,0.7957622739018088
unseen_active_7,ml_throughput,1,920001,7,5,1000,0.55,77.4,7707,573,8,61.656,330.938497,862.404932,899.492028,0.89836,634.873164,732.66,745.623,770.696,0.0,174.575883,184.945,200.761,233.109,0.7965891472868216
unseen_active_7,ml_throughput,2,920002,7,5,1000,0.55,77.4,7699,573,5,61.592,372.018362,982.066508,1017.18178,0.904799,624.814916,658.332,916.125,996.572,0.0,175.492393,183.861,221.589,245.92,0.7957622739018088
unseen_active_7,ml_throughput,3,920003,7,5,1000,0.55,77.4,7699,570,3,61.592,376.271847,990.39764,1025.381604,0.898983,628.335935,682.053,939.355,1011.639,0.001754,176.938112,189.695,227.439,234.917,0.7957622739018088
unseen_active_7,ml_throughput,4,920004,7,5,1000,0.55,77.4,7700,566,3,61.6,377.96712,992.12782,1027.923916,0.899071,627.388495,668.765,758.165,1026.009,0.003534,175.709288,184.344,201.572,232.931,0.7958656330749354
unseen_active_7,ml_throughput,5,920005,7,5,1000,0.55,77.4,7700,567,2,61.6,375.903093,984.484068,1020.661668,0.896636,629.99334,673.136,694.826,897.653,0.0,176.099113,184.529,196.763,269.637,0.7958656330749354
unseen_active_7,ml_throughput,6,920006,7,5,1000,0.55,77.4,7703,569,4,61.624,375.212787,987.656084,1024.038072,0.893851,635.459786,679.714,739.142,843.096,0.0,175.956896,189.914,204.907,231.694,0.7961757105943152
unseen_active_7,ml_throughput,7,920007,7,5,1000,0.55,77.4,7699,565,2,61.592,330.628934,871.295224,901.733668,0.904047,633.642485,944.155,976.085,991.355,0.0,180.308602,221.614,230.983,241.687,0.7957622739018088
unseen_active_7,ml_throughput,8,920008,7,5,1000,0.55,77.4,7691,573,5,61.528,374.849426,983.951764,1024.019156,0.898962,626.801471,672.255,742.622,863.467,0.0,175.776579,186.424,197.304,231.545,0.7949354005167958
unseen_active_7,ml_throughput,9,920009,7,5,1000,0.55,77.4,7696,579,4,61.568,275.977713,710.734528,745.084632,0.898778,596.519012,687.889,779.14,1285.432,0.003454,178.527953,192.557,214.882,678.04,0.7954521963824288
unseen_active_7,oracle_delay,0,920000,7,5,1000,0.55,77.4,7178,569,0,57.424,489.882554,1154.276761,1196.888203,0.920406,2056.38216,2231.372,2598.755,3700.069,0.977153,0.0,0.0,0.0,0.0,0.7419121447028423
unseen_active_7,oracle_delay,1,920001,7,5,1000,0.55,77.4,7182,579,0,57.456,488.236061,1149.170993,1192.538055,0.917739,2014.945793,2207.663,3564.704,3680.287,0.958549,0.0,0.0,0.0,0.0,0.7423255813953489
unseen_active_7,oracle_delay,2,920002,7,5,1000,0.55,77.4,7178,575,0,57.424,489.848975,1152.886103,1195.60666,0.919001,2005.105915,2218.863,2421.491,3464.195,0.963478,0.0,0.0,0.0,0.0,0.7419121447028423
unseen_active_7,oracle_delay,3,920003,7,5,1000,0.55,77.4,7174,572,0,57.392,486.771693,1147.437975,1195.590369,0.92057,2033.001657,2147.775,3503.498,3724.601,0.95979,0.0,0.0,0.0,0.0,0.7414987080103359
unseen_active_7,oracle_delay,4,920004,7,5,1000,0.55,77.4,7180,575,0,57.44,489.898468,1152.852729,1195.887557,0.917828,1975.01477,2114.444,2238.711,3441.409,0.963478,0.0,0.0,0.0,0.0,0.7421188630490956
unseen_active_7,oracle_delay,5,920005,7,5,1000,0.55,77.4,7178,565,0,57.424,489.003556,1153.117393,1195.892336,0.919141,2076.809349,2311.463,2610.04,3496.591,0.980531,0.0,0.0,0.0,0.0,0.7419121447028423
unseen_active_7,oracle_delay,6,920006,7,5,1000,0.55,77.4,7179,571,0,57.432,487.81457,1151.891167,1194.970753,0.920252,2042.752296,2199.068,2469.178,3601.322,0.968476,0.0,0.0,0.0,0.0,0.7420155038759689
unseen_active_7,oracle_delay,7,920007,7,5,1000,0.55,77.4,7181,569,0,57.448,488.514492,1152.070633,1194.996839,0.919747,2434.728308,4435.189,4514.174,4543.877,0.973638,0.0,0.0,0.0,0.0,0.7422222222222222
unseen_active_7,oracle_delay,8,920008,7,5,1000,0.55,77.4,7171,574,0,57.368,486.301562,1151.968559,1194.895145,0.922806,2004.411312,2164.731,3124.769,3738.933,0.973868,0.0,0.0,0.0,0.0,0.7411886304909561
unseen_active_7,oracle_delay,9,920009,7,5,1000,0.55,77.4,7171,575,0,57.368,488.939004,1153.712357,1196.494701,0.9207,2143.088219,3538.651,3655.606,5379.166,0.963478,0.0,0.0,0.0,0.0,0.7411886304909561
unseen_active_7,oracle_throughput,0,920000,7,5,1000,0.55,77.4,7699,569,0,61.592,361.499705,1028.018924,1064.883444,0.904702,1879.843844,1998.968,2069.123,3166.501,0.977153,0.0,0.0,0.0,0.0,0.7957622739018088
unseen_active_7,oracle_throughput,1,920001,7,5,1000,0.55,77.4,7708,579,0,61.664,365.998916,1037.472148,1072.634016,0.899977,1890.009663,2116.42,3229.223,3926.35,0.960276,0.0,0.0,0.0,0.0,0.7966925064599483
unseen_active_7,oracle_throughput,2,920002,7,5,1000,0.55,77.4,7698,576,0,61.584,365.866098,1032.454928,1075.713944,0.897717,1876.653908,2027.058,2088.672,2361.309,0.963542,0.0,0.0,0.0,0.0,0.7956589147286821
unseen_active_7,oracle_throughput,3,920003,7,5,1000,0.55,77.4,7697,574,0,61.576,370.623816,1032.390284,1074.4613,0.894015,1996.699618,2156.477,2244.5,2806.193,0.961672,0.0,0.0,0.0,0.0,0.7955555555555555
unseen_active_7,oracle_throughput,4,920004,7,5,1000,0.55,77.4,7701,572,0,61.608,366.128333,1035.201648,1077.824196,0.904721,1944.679795,2210.83,3275.728,3396.436,0.963287,0.0,0.0,0.0,0.0,0.795968992248062
unseen_active_7,oracle_throughput,5,920005,7,5,1000,0.55,77.4,7700,566,0,61.6,361.587437,1027.495064,1061.830428,0.903607,1945.31911,2143.352,3268.202,3618.654,0.971731,0.0,0.0,0.0,0.0,0.7958656330749354
unseen_active_7,oracle_throughput,6,920006,7,5,1000,0.55,77.4,7704,572,0,61.632,368.271995,1034.100208,1071.876412,0.898476,1929.930759,2103.101,2525.702,3571.613,0.965035,0.0,0.0,0.0,0.0,0.7962790697674418
unseen_active_7,oracle_throughput,7,920007,7,5,1000,0.55,77.4,7700,570,0,61.6,365.758427,1032.3399,1066.458108,0.903197,1889.577151,2036.618,2108.62,3399.106,0.968421,0.0,0.0,0.0,0.0,0.7958656330749354
unseen_active_7,oracle_throughput,8,920008,7,5,1000,0.55,77.4,7692,576,0,61.536,360.516817,1027.613216,1070.813304,0.902388,1854.770495,2002.188,2493.244,3395.806,0.967014,0.0,0.0,0.0,0.0,0.7950387596899224
unseen_active_7,oracle_throughput,9,920009,7,5,1000,0.55,77.4,7695,574,0,61.56,363.630525,1030.937636,1071.493448,0.898462,1900.650462,2080.427,3007.775,3539.647,0.963415,0.0,0.0,0.0,0.0,0.7953488372093023
unseen_active_7,rr_default,0,920000,7,5,1000,0.55,77.4,5423,0,0,43.384,789.30987,1716.414298,1749.001444,0.987712,0.0,0.0,0.0,0.0,0.0,0.0,0.0,0.0,0.0,0.5605167958656331
unseen_active_7,rr_default,1,920001,7,5,1000,0.55,77.4,5000,0,0,40.0,730.507425,1709.296178,1775.65741,0.997698,0.0,0.0,0.0,0.0,0.0,0.0,0.0,0.0,0.0,0.5167958656330749
unseen_active_7,rr_default,2,920002,7,5,1000,0.55,77.4,5420,0,0,43.36,784.487014,1704.23975,1786.360944,0.987234,0.0,0.0,0.0,0.0,0.0,0.0,0.0,0.0,0.0,0.5602067183462531
unseen_active_7,rr_default,3,920003,7,5,1000,0.55,77.4,5414,0,0,43.312,791.269415,1685.320262,1740.011988,0.98775,0.0,0.0,0.0,0.0,0.0,0.0,0.0,0.0,0.0,0.5595865633074935
unseen_active_7,rr_default,4,920004,7,5,1000,0.55,77.4,5423,0,0,43.384,788.13442,1704.84256,1750.606078,0.987231,0.0,0.0,0.0,0.0,0.0,0.0,0.0,0.0,0.0,0.5605167958656331
unseen_active_7,rr_default,5,920005,7,5,1000,0.55,77.4,5419,0,0,43.352,790.66,1715.607144,1745.748792,0.987511,0.0,0.0,0.0,0.0,0.0,0.0,0.0,0.0,0.0,0.5601033591731265
unseen_active_7,rr_default,6,920006,7,5,1000,0.55,77.4,5421,0,0,43.368,787.604528,1724.65007,1756.773532,0.987696,0.0,0.0,0.0,0.0,0.0,0.0,0.0,0.0,0.0,0.5603100775193798
unseen_active_7,rr_default,7,920007,7,5,1000,0.55,77.4,5420,0,0,43.36,786.770096,1731.196926,1760.202724,0.987732,0.0,0.0,0.0,0.0,0.0,0.0,0.0,0.0,0.0,0.5602067183462531
unseen_active_7,rr_default,8,920008,7,5,1000,0.55,77.4,5416,0,0,43.328,789.547433,1679.776904,1737.38935,0.987285,0.0,0.0,0.0,0.0,0.0,0.0,0.0,0.0,0.0,0.5597932816537468
unseen_active_7,rr_default,9,920009,7,5,1000,0.55,77.4,5424,0,0,43.392,786.487872,1723.647014,1752.543892,0.98777,0.0,0.0,0.0,0.0,0.0,0.0,0.0,0.0,0.0,0.5606201550387597
unseen_low_mcs,max_backlog,0,920000,9,2,1000,0.5,45.0,2034,699,0,16.272,1174.973193,1940.166249,2015.087042,1.0,235.745747,271.681,371.389,443.049,0.0,0.0,0.0,0.0,0.0,0.3616
unseen_low_mcs,max_backlog,1,920001,9,2,1000,0.5,45.0,2043,707,0,16.344,1146.569721,1999.932877,2075.49133,1.0,325.837368,372.543,440.584,627.851,0.0,0.0,0.0,0.0,0.0,0.3632
unseen_low_mcs,max_backlog,2,920002,9,2,1000,0.5,45.0,2034,646,0,16.272,994.989111,1804.877695,1915.920544,1.0,236.638488,276.407,341.417,415.716,0.0,0.0,0.0,0.0,0.0,0.3616
unseen_low_mcs,max_backlog,3,920003,9,2,1000,0.5,45.0,2043,702,0,16.344,1180.061417,1933.700442,2009.948366,1.0,228.06042,262.552,315.69,441.652,0.0,0.0,0.0,0.0,0.0,0.3632
unseen_low_mcs,max_backlog,4,920004,9,2,1000,0.5,45.0,2043,644,0,16.344,1084.515025,1853.754089,1927.975607,1.0,223.129315,254.757,302.669,361.273,0.0,0.0,0.0,0.0,0.0,0.3632
unseen_low_mcs,max_backlog,5,920005,9,2,1000,0.5,45.0,2034,703,0,16.272,1171.476296,1958.004303,2063.604336,1.0,250.643292,301.952,386.158,430.025,0.0,0.0,0.0,0.0,0.0,0.3616
unseen_low_mcs,max_backlog,6,920006,9,2,1000,0.5,45.0,2043,643,0,16.344,994.623195,1800.485229,1914.164608,1.0,222.245596,262.856,376.733,399.814,0.0,0.0,0.0,0.0,0.0,0.3632
unseen_low_mcs,max_backlog,7,920007,9,2,1000,0.5,45.0,2043,696,0,16.344,1173.323073,1952.483817,2054.233199,1.0,244.825504,283.012,431.057,554.358,0.0,0.0,0.0,0.0,0.0,0.3632
unseen_low_mcs,max_backlog,8,920008,9,2,1000,0.5,45.0,2043,705,0,16.344,1148.556148,1996.611013,2077.637265,1.0,238.000627,277.815,407.649,430.475,0.0,0.0,0.0,0.0,0.0,0.3632
unseen_low_mcs,max_backlog,9,920009,9,2,1000,0.5,45.0,2043,644,0,16.344,1020.452853,1862.343757,1937.785478,1.0,225.147616,275.632,350.773,437.972,0.0,0.0,0.0,0.0,0.0,0.3632
unseen_low_mcs,ml_delay,0,920000,9,2,1000,0.5,45.0,2881,566,4,23.048,898.252254,1645.159302,1711.017257,0.998652,1243.160945,1315.326,1337.539,1493.61,0.95053,175.1148,184.152,190.523,217.736,0.5121777777777777
unseen_low_mcs,ml_delay,1,920001,9,2,1000,0.5,45.0,2885,571,6,23.08,891.184161,1647.528701,1703.443595,0.999475,1311.307184,1918.611,2087.255,2111.719,0.957968,179.154736,222.698,235.158,245.215,0.5128888888888888
unseen_low_mcs,ml_delay,2,920002,9,2,1000,0.5,45.0,2877,568,5,23.016,895.116588,1653.864204,1711.827213,0.999348,1250.243944,1319.185,1352.778,1499.269,0.955986,174.758195,183.25,193.838,197.802,0.5114666666666666
unseen_low_mcs,ml_delay,3,920003,9,2,1000,0.5,45.0,2878,570,7,23.024,887.529651,1654.235635,1714.359325,0.99992,1267.226819,1382.533,1475.397,1996.374,0.950877,176.055489,190.288,209.849,247.398,0.5116444444444445
unseen_low_mcs,ml_delay,4,920004,9,2,1000,0.5,45.0,2880,568,7,23.04,773.596746,1512.94301,1610.778802,0.998472,1099.228776,1319.505,1367.672,1645.099,0.544014,174.542486,183.667,195.228,213.103,0.512
unseen_low_mcs,ml_delay,5,920005,9,2,1000,0.5,45.0,2881,568,8,23.048,887.672493,1651.65342,1712.766988,0.999956,1289.638572,1404.493,1671.217,2099.565,0.957746,176.45744,189.387,224.991,591.426,0.5121777777777777
unseen_low_mcs,ml_delay,6,920006,9,2,1000,0.5,45.0,2881,567,5,23.048,774.136697,1512.937321,1607.144387,0.998444,1111.749728,1318.542,1965.365,2100.189,0.546737,175.483309,183.464,227.485,236.072,0.5121777777777777
unseen_low_mcs,ml_delay,7,920007,9,2,1000,0.5,45.0,2878,565,3,23.024,895.504216,1642.037455,1707.153697,0.998989,1339.711759,2018.484,2132.891,2147.748,0.968142,182.98532,226.884,236.319,249.106,0.5116444444444445
unseen_low_mcs,ml_delay,8,920008,9,2,1000,0.5,45.0,2883,568,5,23.064,902.89311,1646.349837,1710.883831,0.998495,1403.339099,1999.562,2146.65,4210.898,0.97007,180.88616,222.233,237.81,566.953,0.5125333333333333
unseen_low_mcs,ml_delay,9,920009,9,2,1000,0.5,45.0,2881,568,5,23.048,796.459763,1560.119189,1617.610467,0.999379,1115.788389,1344.265,1418.726,1489.56,0.552817,176.51044,193.71,208.47,236.715,0.5121777777777777
unseen_low_mcs,ml_throughput,0,920000,9,2,1000,0.5,45.0,2881,566,4,23.048,883.854942,1631.106576,1692.003738,0.999106,1224.726436,1297.243,1328.983,1388.888,0.936396,174.735147,184.068,193.564,195.65,0.5121777777777777
unseen_low_mcs,ml_throughput,1,920001,9,2,1000,0.5,45.0,2885,569,6,23.08,754.006981,1481.392029,1569.797579,0.999345,1106.142845,1323.556,1454.477,2075.578,0.550088,176.516306,189.878,214.386,234.097,0.5128888888888888
unseen_low_mcs,ml_throughput,2,920002,9,2,1000,0.5,45.0,2878,567,5,23.024,882.23466,1632.713848,1692.919497,0.999468,1243.868571,1304.105,1322.197,1402.061,0.955908,174.422446,182.466,190.809,201.587,0.5116444444444445
unseen_low_mcs,ml_throughput,3,920003,9,2,1000,0.5,45.0,2878,567,7,23.024,877.362612,1630.411738,1690.481428,0.999979,1235.476444,1307.913,1334.022,1569.8,0.943563,174.321944,183.844,190.797,218.835,0.5116444444444445
unseen_low_mcs,ml_throughput,4,920004,9,2,1000,0.5,45.0,2879,566,7,23.032,831.041294,1562.597425,1628.575922,0.999322,1110.322936,1347.116,1410.904,1571.488,0.563604,175.566751,187.832,199.065,265.593,0.5118222222222222
unseen_low_mcs,ml_throughput,5,920005,9,2,1000,0.5,45.0,2880,569,8,23.04,886.499851,1627.569424,1692.438454,0.99889,1236.116664,1310.965,1357.228,1736.151,0.931459,174.274462,183.764,190.96,222.519,0.512
unseen_low_mcs,ml_throughput,6,920006,9,2,1000,0.5,45.0,2881,565,5,23.048,751.074483,1479.75267,1578.013927,0.999249,1100.09835,1309.798,1450.568,2153.14,0.550442,175.592274,185.135,221.644,245.755,0.5121777777777777
unseen_low_mcs,ml_throughput,7,920007,9,2,1000,0.5,45.0,2878,563,3,23.024,874.106288,1626.934785,1689.17945,0.999996,1253.662288,1317.715,1367.31,1995.429,0.930728,175.602714,182.694,191.249,230.459,0.5116444444444445
unseen_low_mcs,ml_throughput,8,920008,9,2,1000,0.5,45.0,2882,566,5,23.056,876.71326,1627.745669,1689.712146,0.999996,1258.211687,1340.794,1448.078,1595.098,0.95583,175.633869,188.682,198.63,238.082,0.5123555555555556
unseen_low_mcs,ml_throughput,9,920009,9,2,1000,0.5,45.0,2880,565,5,23.04,787.22095,1538.998647,1600.724488,0.999009,1171.807465,1395.48,1458.222,1700.092,0.638938,175.296409,186.022,195.619,233.219,0.512
unseen_low_mcs,oracle_delay,0,920000,9,2,1000,0.5,45.0,2882,566,0,23.056,890.088854,1639.720232,1702.879275,0.998985,5038.681242,5372.658,6274.022,8765.213,0.982332,0.0,0.0,0.0,0.0,0.5123555555555556
unseen_low_mcs,oracle_delay,1,920001,9,2,1000,0.5,45.0,2885,570,0,23.08,889.612462,1633.981033,1694.313742,0.998883,5064.988982,5347.183,6173.021,7751.078,0.970175,0.0,0.0,0.0,0.0,0.5128888888888888
unseen_low_mcs,oracle_delay,2,920002,9,2,1000,0.5,45.0,2879,567,0,23.032,885.348626,1640.304898,1702.406192,0.999478,5068.614145,5434.395,6181.034,8570.287,0.973545,0.0,0.0,0.0,0.0,0.5118222222222222
unseen_low_mcs,oracle_delay,3,920003,9,2,1000,0.5,45.0,2879,569,0,23.032,890.222907,1635.397534,1694.637834,0.998888,5043.12738,5355.96,5465.256,6410.552,0.970123,0.0,0.0,0.0,0.0,0.5118222222222222
unseen_low_mcs,oracle_delay,4,920004,9,2,1000,0.5,45.0,2880,567,0,23.04,838.132437,1575.633054,1636.151057,0.998923,4293.080961,5362.595,5749.547,8632.176,0.971781,0.0,0.0,0.0,0.0,0.512
unseen_low_mcs,oracle_delay,5,920005,9,2,1000,0.5,45.0,2881,569,0,23.048,885.816647,1628.94487,1687.417257,0.998998,5072.75523,5276.982,8889.843,9325.258,0.968366,0.0,0.0,0.0,0.0,0.5121777777777777
unseen_low_mcs,oracle_delay,6,920006,9,2,1000,0.5,45.0,2880,567,0,23.04,754.877666,1482.375145,1578.709357,0.999445,4333.733894,5428.146,7273.577,8629.738,0.9806,0.0,0.0,0.0,0.0,0.512
unseen_low_mcs,oracle_delay,7,920007,9,2,1000,0.5,45.0,2877,564,0,23.016,894.866777,1639.401631,1702.956228,0.998469,5343.042431,5643.621,5865.143,8015.005,0.98227,0.0,0.0,0.0,0.0,0.5114666666666666
unseen_low_mcs,oracle_delay,8,920008,9,2,1000,0.5,45.0,2879,567,0,23.032,891.64313,1639.588848,1699.324297,0.998743,5080.675337,5421.927,6185.769,8057.677,0.978836,0.0,0.0,0.0,0.0,0.5118222222222222
unseen_low_mcs,oracle_delay,9,920009,9,2,1000,0.5,45.0,2880,567,0,23.04,791.750733,1544.880575,1609.754287,0.999339,4289.83122,5394.694,6196.439,8883.352,0.977072,0.0,0.0,0.0,0.0,0.512
unseen_low_mcs,oracle_throughput,0,920000,9,2,1000,0.5,45.0,2881,566,0,23.048,853.918041,1697.535367,1767.033877,0.999418,5269.1255,6498.292,7491.485,9782.505,0.978799,0.0,0.0,0.0,0.0,0.5121777777777777
unseen_low_mcs,oracle_throughput,1,920001,9,2,1000,0.5,45.0,2885,570,0,23.08,865.472873,1709.08384,1766.859603,0.998935,5345.046825,6806.242,7972.356,10203.351,0.970175,0.0,0.0,0.0,0.0,0.5128888888888888
unseen_low_mcs,oracle_throughput,2,920002,9,2,1000,0.5,45.0,2877,569,0,23.016,857.365977,1709.080572,1770.193793,0.999565,5501.691905,6566.555,8907.395,10122.666,0.968366,0.0,0.0,0.0,0.0,0.5114666666666666
unseen_low_mcs,oracle_throughput,3,920003,9,2,1000,0.5,45.0,2879,570,0,23.032,856.288687,1705.290607,1770.640591,0.999508,5232.356726,6344.74,6500.761,7751.546,0.964912,0.0,0.0,0.0,0.0,0.5118222222222222
unseen_low_mcs,oracle_throughput,4,920004,9,2,1000,0.5,45.0,2880,567,0,23.04,794.80104,1642.058885,1706.335772,0.999584,4241.835799,6268.641,6541.388,6923.56,0.970018,0.0,0.0,0.0,0.0,0.512
unseen_low_mcs,oracle_throughput,5,920005,9,2,1000,0.5,45.0,2880,569,0,23.04,846.619219,1702.239287,1775.877365,1.0,5214.848757,6466.947,7430.817,9150.458,0.961336,0.0,0.0,0.0,0.0,0.512
unseen_low_mcs,oracle_throughput,6,920006,9,2,1000,0.5,45.0,2882,567,0,23.056,704.270975,1584.374148,1688.495754,0.999539,4136.851801,6355.054,6944.281,7449.621,0.9806,0.0,0.0,0.0,0.0,0.5123555555555556
unseen_low_mcs,oracle_throughput,7,920007,9,2,1000,0.5,45.0,2878,566,0,23.024,849.983082,1697.032078,1761.649674,0.999996,5273.510505,6768.346,7391.164,7647.489,0.982332,0.0,0.0,0.0,0.0,0.5116444444444445
unseen_low_mcs,oracle_throughput,8,920008,9,2,1000,0.5,45.0,2882,568,0,23.056,849.491791,1699.641159,1762.283761,0.999979,5378.184174,6975.608,7434.706,7601.13,0.977113,0.0,0.0,0.0,0.0,0.5123555555555556
unseen_low_mcs,oracle_throughput,9,920009,9,2,1000,0.5,45.0,2880,568,0,23.04,749.775988,1620.324119,1685.138272,0.998951,4361.274519,6441.463,6975.027,8579.169,0.977113,0.0,0.0,0.0,0.0,0.512
unseen_low_mcs,rr_default,0,920000,9,2,1000,0.5,45.0,2200,0,0,17.6,1058.61298,1949.282772,2028.352887,0.999977,0.0,0.0,0.0,0.0,0.0,0.0,0.0,0.0,0.0,0.39111111111111113
unseen_low_mcs,rr_default,1,920001,9,2,1000,0.5,45.0,2200,0,0,17.6,1056.413948,1948.699774,2019.807831,0.999977,0.0,0.0,0.0,0.0,0.0,0.0,0.0,0.0,0.0,0.39111111111111113
unseen_low_mcs,rr_default,2,920002,9,2,1000,0.5,45.0,2118,0,0,16.944,903.985083,1877.288252,1988.971541,0.978058,0.0,0.0,0.0,0.0,0.0,0.0,0.0,0.0,0.0,0.37653333333333333
unseen_low_mcs,rr_default,3,920003,9,2,1000,0.5,45.0,2196,0,0,17.568,1055.759368,1959.270525,2028.356743,0.999966,0.0,0.0,0.0,0.0,0.0,0.0,0.0,0.0,0.0,0.3904
unseen_low_mcs,rr_default,4,920004,9,2,1000,0.5,45.0,2113,0,0,16.904,986.646039,1925.101286,2004.34261,0.984154,0.0,0.0,0.0,0.0,0.0,0.0,0.0,0.0,0.0,0.37564444444444445
unseen_low_mcs,rr_default,5,920005,9,2,1000,0.5,45.0,2200,0,0,17.6,1054.465212,1959.184038,2036.998846,0.999988,0.0,0.0,0.0,0.0,0.0,0.0,0.0,0.0,0.0,0.39111111111111113
unseen_low_mcs,rr_default,6,920006,9,2,1000,0.5,45.0,2135,0,0,17.08,897.50498,1864.19618,1974.924872,0.97105,0.0,0.0,0.0,0.0,0.0,0.0,0.0,0.0,0.0,0.37955555555555553
unseen_low_mcs,rr_default,7,920007,9,2,1000,0.5,45.0,2196,0,0,17.568,1062.32713,1934.986772,2030.445112,0.999989,0.0,0.0,0.0,0.0,0.0,0.0,0.0,0.0,0.0,0.3904
unseen_low_mcs,rr_default,8,920008,9,2,1000,0.5,45.0,2200,0,0,17.6,1065.97547,1951.199713,2022.850298,0.999988,0.0,0.0,0.0,0.0,0.0,0.0,0.0,0.0,0.0,0.39111111111111113
unseen_low_mcs,rr_default,9,920009,9,2,1000,0.5,45.0,2130,0,0,17.04,936.5786,1920.103713,1993.924488,0.99026,0.0,0.0,0.0,0.0,0.0,0.0,0.0,0.0,0.0,0.37866666666666665
unseen_normal,max_backlog,0,920000,9,8,1000,0.35,49.5,6180,746,0,49.44,3.701133,4.799753,5.312234,0.924692,101.339826,120.583,142.845,174.529,0.0,0.0,0.0,0.0,0.0,0.9987878787878788
unseen_normal,max_backlog,1,920001,9,8,1000,0.35,49.5,6186,742,0,49.488,3.673476,4.750488,5.293512,0.924538,76.780575,96.095,129.048,283.863,0.0,0.0,0.0,0.0,0.0,0.9997575757575757
unseen_normal,max_backlog,2,920002,9,8,1000,0.35,49.5,6186,1123,0,49.488,3.694604,4.753948,5.210291,0.924538,66.991134,88.977,118.702,144.043,0.0,0.0,0.0,0.0,0.0,0.9997575757575757
unseen_normal,max_backlog,3,920003,9,8,1000,0.35,49.5,6183,748,0,49.464,3.688618,4.765718,5.181988,0.92418,76.589108,88.549,102.665,112.776,0.0,0.0,0.0,0.0,0.0,0.9992727272727272
unseen_normal,max_backlog,4,920004,9,8,1000,0.35,49.5,6192,1062,0,49.536,3.680978,4.731673,5.202284,0.924383,67.650304,82.367,99.64,117.646,0.0,0.0,0.0,0.0,0.0,1.0
unseen_normal,max_backlog,5,920005,9,8,1000,0.35,49.5,6186,746,0,49.488,3.715253,4.816604,5.353244,0.924538,76.537259,93.563,106.208,125.306,0.0,0.0,0.0,0.0,0.0,0.9997575757575757
unseen_normal,max_backlog,6,920006,9,8,1000,0.35,49.5,6186,1119,0,49.488,3.690444,4.747053,5.202966,0.924827,69.35792,90.527,114.09,123.018,0.0,0.0,0.0,0.0,0.0,0.9997575757575757
unseen_normal,max_backlog,7,920007,9,8,1000,0.35,49.5,6192,736,0,49.536,3.70462,4.779731,5.165553,0.924962,82.361768,118.982,132.212,138.948,0.0,0.0,0.0,0.0,0.0,1.0
unseen_normal,max_backlog,8,920008,9,8,1000,0.35,49.5,6183,743,0,49.464,3.692334,4.728783,5.151598,0.92418,78.298483,99.68,126.069,130.91,0.0,0.0,0.0,0.0,0.0,0.9992727272727272
unseen_normal,max_backlog,9,920009,9,8,1000,0.35,49.5,6189,1085,0,49.512,3.717,4.810423,5.299041,0.924605,87.614393,106.957,132.633,187.089,0.0,0.0,0.0,0.0,0.0,1.0
unseen_normal,ml_delay,0,920000,9,8,1000,0.35,49.5,6181,2603,4,49.448,3.096995,5.872348,7.470645,0.924423,968.104986,1156.659,1596.577,1751.789,0.597003,176.477921,187.803,221.415,238.998,0.9989494949494949
unseen_normal,ml_delay,1,920001,9,8,1000,0.35,49.5,6181,2580,6,49.448,3.033478,5.76382,7.166691,0.924615,961.086664,1143.928,1242.574,1795.276,0.591473,176.140098,185.421,220.463,324.585,0.9989494949494949
unseen_normal,ml_delay,2,920002,9,8,1000,0.35,49.5,6184,2567,5,49.472,3.03236,5.732595,7.316049,0.924679,976.624395,1175.524,1315.403,2076.284,0.590962,177.839295,194.526,224.688,257.688,0.9994343434343435
unseen_normal,ml_delay,3,920003,9,8,1000,0.35,49.5,6191,2614,7,49.528,3.001296,5.660076,7.276962,0.924843,964.844234,1171.687,1253.543,2035.348,0.573451,176.712768,189.734,211.957,255.122,1.0
unseen_normal,ml_delay,4,920004,9,8,1000,0.35,49.5,6184,2563,7,49.472,3.071755,5.792748,7.477187,0.924298,896.204339,1162.561,1197.874,1863.759,0.408115,176.093341,185.233,215.774,254.548,0.9994343434343435
unseen_normal,ml_delay,5,920005,9,8,1000,0.35,49.5,6192,2567,8,49.536,2.942699,5.576464,6.985936,0.924383,977.088903,1170.889,1692.296,1796.813,0.60187,176.904861,191.176,221.374,330.703,1.0
unseen_normal,ml_delay,6,920006,9,8,1000,0.35,49.5,6187,2709,5,49.496,2.979139,5.577273,7.040484,0.924656,836.073213,1148.878,1189.005,1787.243,0.384644,176.838981,189.602,207.357,304.172,0.999919191919192
unseen_normal,ml_delay,7,920007,9,8,1000,0.35,49.5,6187,2592,3,49.496,3.022174,5.79383,7.374981,0.924559,956.627937,1141.082,1169.014,1815.102,0.59375,175.550754,182.725,193.451,240.703,0.999919191919192
unseen_normal,ml_delay,8,920008,9,8,1000,0.35,49.5,6189,2583,5,49.512,3.03813,5.743704,7.299561,0.924605,968.812148,1160.137,1269.33,1807.117,0.595045,177.218548,190.066,222.158,295.832,1.0
unseen_normal,ml_delay,9,920009,9,8,1000,0.35,49.5,6184,2614,5,49.472,2.999667,5.724105,7.336964,0.924777,867.518268,1150.724,1294.346,1784.889,0.402831,177.058535,190.046,222.769,242.063,0.9994343434343435
unseen_normal,ml_throughput,0,920000,9,8,1000,0.35,49.5,6186,767,4,49.488,3.691484,4.734653,5.194744,0.924538,1102.219583,1144.997,1182.927,1830.457,0.970013,176.266831,185.203,192.474,230.473,0.9997575757575757
unseen_normal,ml_throughput,1,920001,9,8,1000,0.35,49.5,6189,782,6,49.512,3.703692,4.769418,5.214753,0.924605,1118.44862,1207.719,1609.288,1824.04,0.964194,178.662263,197.126,228.968,257.265,1.0
unseen_normal,ml_throughput,2,920002,9,8,1000,0.35,49.5,6183,792,5,49.464,3.704771,4.795783,5.29249,0.92476,993.38914,1160.684,1246.945,1708.563,0.638889,177.16786,189.229,223.082,270.58,0.9992727272727272
unseen_normal,ml_throughput,3,920003,9,8,1000,0.35,49.5,6180,771,7,49.44,3.684282,4.734135,5.277456,0.924402,1104.926585,1170.716,1275.108,1842.745,0.963684,176.985909,191.468,212.973,232.458,0.9987878787878788
unseen_normal,ml_throughput,4,920004,9,8,1000,0.35,49.5,6192,789,7,49.536,3.713957,4.789705,5.27299,0.924672,988.924165,1139.409,1227.044,1713.726,0.636248,176.112556,185.785,218.593,259.837,1.0
unseen_normal,ml_throughput,5,920005,9,8,1000,0.35,49.5,6183,785,8,49.464,3.71111,4.830188,5.268783,0.924469,1097.983572,1144.02,1681.517,1724.074,0.955414,176.438131,187.099,219.205,251.28,0.9992727272727272
unseen_normal,ml_throughput,6,920006,9,8,1000,0.35,49.5,6183,781,5,49.464,3.70923,4.758165,5.28735,0.924469,993.117223,1159.239,1189.852,1433.875,0.631242,176.218936,184.83,190.584,231.664,0.9992727272727272
unseen_normal,ml_throughput,7,920007,9,8,1000,0.35,49.5,6189,774,3,49.512,3.690483,4.764753,5.252902,0.924605,1123.938727,1196.2,1668.262,1850.113,0.9677,178.876186,193.357,223.754,266.347,1.0
unseen_normal,ml_throughput,8,920008,9,8,1000,0.35,49.5,6183,774,5,49.464,3.703019,4.793283,5.264958,0.92476,1118.037721,1194.508,1564.702,1855.114,0.949612,179.579164,196.318,227.751,239.799,0.9992727272727272
unseen_normal,ml_throughput,9,920009,9,8,1000,0.35,49.5,6183,845,5,49.464,3.687783,4.723474,5.119785,0.92476,983.339691,1164.558,1276.263,1744.609,0.592899,178.817743,193.37,228.309,235.123,0.9992727272727272
unseen_normal,oracle_delay,0,920000,9,8,1000,0.35,49.5,6188,2060,0,49.504,2.227112,4.049955,5.132569,0.924389,5556.207449,9253.409,10599.999,17701.404,0.993689,0.0,0.0,0.0,0.0,1.0
unseen_normal,oracle_delay,1,920001,9,8,1000,0.35,49.5,6187,2068,0,49.496,2.19293,3.984823,5.089401,0.92456,5466.924072,9005.143,10368.543,14955.917,0.994197,0.0,0.0,0.0,0.0,0.999919191919192
unseen_normal,oracle_delay,2,920002,9,8,1000,0.35,49.5,6186,2070,0,49.488,2.207031,4.115728,5.058731,0.924536,5667.337953,9274.505,10539.14,16611.026,0.992271,0.0,0.0,0.0,0.0,0.9997575757575757
unseen_normal,oracle_delay,3,920003,9,8,1000,0.35,49.5,6190,2062,0,49.52,2.230859,4.110228,5.177873,0.924434,5465.428844,8594.039,10502.996,15180.293,0.991756,0.0,0.0,0.0,0.0,1.0
unseen_normal,oracle_delay,4,920004,9,8,1000,0.35,49.5,6186,2036,0,49.488,2.223195,4.076184,5.058749,0.924634,4678.616754,8330.48,10373.411,13977.61,0.985265,0.0,0.0,0.0,0.0,0.9997575757575757
unseen_normal,oracle_delay,5,920005,9,8,1000,0.35,49.5,6183,2054,0,49.464,2.225747,4.096399,5.139172,0.924759,5558.621515,9212.294,10741.765,14709.728,0.991237,0.0,0.0,0.0,0.0,0.9992727272727272
unseen_normal,oracle_delay,6,920006,9,8,1000,0.35,49.5,6189,2099,0,49.512,2.209099,4.130016,5.135492,0.924412,4363.835534,8458.613,10502.757,16798.43,0.899952,0.0,0.0,0.0,0.0,1.0
unseen_normal,oracle_delay,7,920007,9,8,1000,0.35,49.5,6183,2066,0,49.464,2.217547,4.056548,5.229058,0.924274,5559.918439,9051.808,10441.061,16850.474,0.993708,0.0,0.0,0.0,0.0,0.9992727272727272
unseen_normal,oracle_delay,8,920008,9,8,1000,0.35,49.5,6189,2050,0,49.512,2.202761,4.044557,5.051666,0.924315,5500.03321,8991.827,10561.965,11426.012,0.993171,0.0,0.0,0.0,0.0,1.0
unseen_normal,oracle_delay,9,920009,9,8,1000,0.35,49.5,6189,2038,0,49.512,2.206794,4.032001,5.154551,0.924604,4440.782871,8327.503,10349.811,12383.016,0.965653,0.0,0.0,0.0,0.0,1.0
unseen_normal,oracle_throughput,0,920000,9,8,1000,0.35,49.5,6189,2084,0,49.512,2.23044,4.873826,7.001662,0.924508,5325.482247,9229.881,10166.679,16510.499,0.993282,0.0,0.0,0.0,0.0,1.0
unseen_normal,oracle_throughput,1,920001,9,8,1000,0.35,49.5,6187,2063,0,49.496,2.291968,5.011234,7.160001,0.924075,5375.590489,9230.178,10281.213,13828.449,0.992244,0.0,0.0,0.0,0.0,0.999919191919192
unseen_normal,oracle_throughput,2,920002,9,8,1000,0.35,49.5,6187,2066,0,49.496,2.279518,5.030652,7.127524,0.924848,5397.06237,9285.654,10599.626,16535.976,0.991288,0.0,0.0,0.0,0.0,0.999919191919192
unseen_normal,oracle_throughput,3,920003,9,8,1000,0.35,49.5,6185,2074,0,49.48,2.267428,4.955915,7.132055,0.924612,5393.925919,9337.297,10524.074,13059.065,0.990357,0.0,0.0,0.0,0.0,0.9995959595959595
unseen_normal,oracle_throughput,4,920004,9,8,1000,0.35,49.5,6186,2068,0,49.488,2.271849,5.002875,7.159091,0.923956,4649.125595,9209.601,10449.077,14679.576,0.985977,0.0,0.0,0.0,0.0,0.9997575757575757
unseen_normal,oracle_throughput,5,920005,9,8,1000,0.35,49.5,6186,2069,0,49.488,2.253769,5.014801,7.200394,0.924144,5419.326094,9337.422,10648.276,16787.327,0.99275,0.0,0.0,0.0,0.0,0.9997575757575757
unseen_normal,oracle_throughput,6,920006,9,8,1000,0.35,49.5,6181,2223,0,49.448,2.286808,5.286606,7.307626,0.924518,4045.061659,9069.071,10195.916,14243.532,0.822312,0.0,0.0,0.0,0.0,0.9989494949494949
unseen_normal,oracle_throughput,7,920007,9,8,1000,0.35,49.5,6185,2071,0,49.48,2.245759,4.864125,7.003323,0.924603,5460.118815,9357.886,11435.472,16112.959,0.993723,0.0,0.0,0.0,0.0,0.9995959595959595
unseen_normal,oracle_throughput,8,920008,9,8,1000,0.35,49.5,6191,2071,0,49.528,2.245664,4.776781,7.021843,0.925036,5360.453736,9398.617,10557.209,15058.443,0.99324,0.0,0.0,0.0,0.0,1.0
unseen_normal,oracle_throughput,9,920009,9,8,1000,0.35,49.5,6183,2111,0,49.464,2.232093,4.713091,6.955092,0.92495,4316.984103,9275.066,10263.159,17632.188,0.919469,0.0,0.0,0.0,0.0,0.9992727272727272
unseen_normal,rr_default,0,920000,9,8,1000,0.35,49.5,6184,0,0,49.472,8.993463,15.318976,17.190862,0.924585,0.0,0.0,0.0,0.0,0.0,0.0,0.0,0.0,0.0,0.9994343434343435
unseen_normal,rr_default,1,920001,9,8,1000,0.35,49.5,6184,0,0,49.472,8.994814,15.400147,17.487066,0.924478,0.0,0.0,0.0,0.0,0.0,0.0,0.0,0.0,0.0,0.9994343434343435
unseen_normal,rr_default,2,920002,9,8,1000,0.35,49.5,6268,0,0,50.144,12.775333,39.608275,49.858543,0.918341,0.0,0.0,0.0,0.0,0.0,0.0,0.0,0.0,0.0,1.0
unseen_normal,rr_default,3,920003,9,8,1000,0.35,49.5,6193,0,0,49.544,9.203499,15.853987,18.226862,0.924191,0.0,0.0,0.0,0.0,0.0,0.0,0.0,0.0,0.0,1.0
unseen_normal,rr_default,4,920004,9,8,1000,0.35,49.5,6302,0,0,50.416,14.480697,42.987429,50.254536,0.916423,0.0,0.0,0.0,0.0,0.0,0.0,0.0,0.0,0.0,1.0
unseen_normal,rr_default,5,920005,9,8,1000,0.35,49.5,6194,0,0,49.552,9.003858,15.429382,17.307712,0.92344,0.0,0.0,0.0,0.0,0.0,0.0,0.0,0.0,0.0,1.0
unseen_normal,rr_default,6,920006,9,8,1000,0.35,49.5,6281,0,0,50.248,13.538778,43.576421,53.682689,0.917525,0.0,0.0,0.0,0.0,0.0,0.0,0.0,0.0,0.0,1.0
unseen_normal,rr_default,7,920007,9,8,1000,0.35,49.5,6190,0,0,49.52,8.887799,15.151853,16.982792,0.924402,0.0,0.0,0.0,0.0,0.0,0.0,0.0,0.0,0.0,1.0
unseen_normal,rr_default,8,920008,9,8,1000,0.35,49.5,6189,0,0,49.512,9.051265,15.438357,17.406175,0.92554,0.0,0.0,0.0,0.0,0.0,0.0,0.0,0.0,0.0,1.0
unseen_normal,rr_default,9,920009,9,8,1000,0.35,49.5,6301,0,0,50.408,14.212384,42.094503,49.048962,0.915927,0.0,0.0,0.0,0.0,0.0,0.0,0.0,0.0,0.0,1.0
unseen_saturated,max_backlog,0,920000,9,8,1000,0.65,144.0,8232,536,0,65.856,565.719832,977.833943,989.324388,0.973198,211.441696,251.645,298.981,341.444,0.0,0.0,0.0,0.0,0.0,0.4573333333333333
unseen_saturated,max_backlog,1,920001,9,8,1000,0.65,144.0,8232,537,0,65.856,566.287819,922.211898,934.141498,0.972709,189.865231,215.651,312.584,357.283,0.0,0.0,0.0,0.0,0.0,0.4573333333333333
unseen_saturated,max_backlog,2,920002,9,8,1000,0.65,144.0,8232,539,0,65.856,565.9874,933.820943,939.456943,0.973198,203.241351,243.161,337.113,390.241,0.0,0.0,0.0,0.0,0.0,0.4573333333333333
unseen_saturated,max_backlog,3,920003,9,8,1000,0.65,144.0,8229,538,0,65.832,566.141949,974.325033,985.857,0.973016,208.729857,257.369,571.019,607.119,0.0,0.0,0.0,0.0,0.0,0.4571666666666666
unseen_saturated,max_backlog,4,920004,9,8,1000,0.65,144.0,8241,538,0,65.928,563.481683,931.006898,938.738633,0.973254,216.426401,275.717,428.082,443.483,0.0,0.0,0.0,0.0,0.0,0.4578333333333333
unseen_saturated,max_backlog,5,920005,9,8,1000,0.65,144.0,8241,538,0,65.928,565.880133,937.533233,945.158453,0.973254,275.376491,541.648,556.319,575.477,0.0,0.0,0.0,0.0,0.0,0.4578333333333333
unseen_saturated,max_backlog,6,920006,9,8,1000,0.65,144.0,8247,537,0,65.976,560.551068,926.409588,935.2052,0.973131,216.38019,268.849,391.632,425.025,0.0,0.0,0.0,0.0,0.0,0.45816666666666667
unseen_saturated,max_backlog,7,920007,9,8,1000,0.65,144.0,8238,534,0,65.904,566.054076,923.126253,931.238233,0.973074,192.092833,219.396,365.843,377.025,0.0,0.0,0.0,0.0,0.0,0.45766666666666667
unseen_saturated,max_backlog,8,920008,9,8,1000,0.65,144.0,8238,537,0,65.904,566.04069,913.604343,921.608653,0.973074,261.541819,392.683,565.244,601.656,0.0,0.0,0.0,0.0,0.0,0.45766666666666667
unseen_saturated,max_backlog,9,920009,9,8,1000,0.65,144.0,8250,538,0,66.0,560.26927,927.7312,934.217143,0.973311,200.341006,239.84,281.958,329.799,0.0,0.0,0.0,0.0,0.0,0.4583333333333333
unseen_saturated,ml_delay,0,920000,9,8,1000,0.65,144.0,10479,552,4,83.832,558.278237,780.56779,803.994066,0.925645,1287.653763,1408.876,1948.188,2086.072,0.947464,180.133187,195.437,226.045,253.105,0.5821666666666666
unseen_saturated,ml_delay,1,920001,9,8,1000,0.65,144.0,10485,560,6,83.88,539.573654,865.237983,941.874528,0.925922,1152.875179,1371.154,1498.574,2254.797,0.641071,178.816086,191.674,211.336,242.176,0.5825
unseen_saturated,ml_delay,2,920002,9,8,1000,0.65,144.0,10466,549,5,83.728,538.534974,895.361902,974.732131,0.924615,1153.217472,1360.744,1562.7,1958.33,0.612022,179.498849,195.006,233.741,305.727,0.5814444444444444
unseen_saturated,ml_delay,3,920003,9,8,1000,0.65,144.0,10472,552,7,83.776,558.06752,784.770243,806.844698,0.92665,1285.935306,1918.951,2086.564,2095.715,0.949275,178.340855,218.263,223.025,230.131,0.5817777777777777
unseen_saturated,ml_delay,4,920004,9,8,1000,0.65,144.0,10446,549,7,83.568,548.888594,768.423955,788.147586,0.927147,1216.976122,1408.231,1455.381,2229.663,0.821494,176.338297,186.649,200.648,227.55,0.5803333333333334
unseen_saturated,ml_delay,5,920005,9,8,1000,0.65,144.0,10476,551,8,83.808,560.101802,787.156351,810.486321,0.925297,1246.920528,1312.96,1345.947,1948.793,0.961887,176.012356,187.019,205.008,228.949,0.5820000000000001
unseen_saturated,ml_delay,6,920006,9,8,1000,0.65,144.0,10479,556,5,83.832,553.056657,789.955813,864.908567,0.926431,1143.431671,1339.817,1394.093,2068.083,0.631295,176.425514,187.016,198.998,228.125,0.5821666666666666
unseen_saturated,ml_delay,7,920007,9,8,1000,0.65,144.0,10459,549,3,83.672,559.088281,785.55519,808.704043,0.926402,1262.201851,1353.196,1750.924,2352.388,0.959927,178.439809,190.738,221.465,261.748,0.5810555555555555
unseen_saturated,ml_delay,8,920008,9,8,1000,0.65,144.0,10448,554,5,83.584,557.514397,784.565082,808.084137,0.928231,1262.128854,1354.835,1467.842,1869.08,0.962094,177.129417,191.689,218.082,236.062,0.5804444444444444
unseen_saturated,ml_delay,9,920009,9,8,1000,0.65,144.0,10476,549,5,83.808,536.515153,885.270621,966.213722,0.926389,1125.328832,1301.603,1328.602,1586.779,0.621129,175.550956,184.406,197.274,217.974,0.5820000000000001
unseen_saturated,ml_throughput,0,920000,9,8,1000,0.65,144.0,11518,604,4,92.144,530.55637,840.530703,851.016471,0.909779,1394.906705,2294.737,2368.924,2391.997,0.942053,178.91219,232.635,234.486,276.076,0.639888888888889
unseen_saturated,ml_throughput,1,920001,9,8,1000,0.65,144.0,11531,607,6,92.248,531.936748,835.900025,855.037201,0.906883,1259.225857,1367.972,1503.053,2009.882,0.934102,175.918502,185.758,209.882,230.417,0.6406111111111111
unseen_saturated,ml_throughput,2,920002,9,8,1000,0.65,144.0,11504,599,5,92.032,498.862743,1001.001081,1039.676045,0.905505,1148.915075,1348.985,1405.429,2081.147,0.611018,175.475895,185.094,203.38,248.758,0.6391111111111111
unseen_saturated,ml_throughput,3,920003,9,8,1000,0.65,144.0,11507,600,7,92.056,502.904385,929.352593,942.940755,0.909682,1143.063477,1361.029,1457.397,1978.904,0.628333,176.704113,190.927,212.316,227.977,0.6392777777777777
unseen_saturated,ml_throughput,4,920004,9,8,1000,0.65,144.0,11513,599,7,92.104,522.522662,873.066113,895.549977,0.908641,1224.570763,1439.112,1476.714,1504.146,0.944908,175.274544,185.557,197.341,248.875,0.6396111111111111
unseen_saturated,ml_throughput,5,920005,9,8,1000,0.65,144.0,11512,602,8,92.096,533.560053,837.721417,859.402437,0.90636,1251.291766,1356.78,1429.551,1673.311,0.938538,175.436341,187.567,197.857,213.816,0.6395555555555555
unseen_saturated,ml_throughput,6,920006,9,8,1000,0.65,144.0,11518,603,5,92.144,499.436681,999.976761,1037.933715,0.903396,1138.409076,1346.376,1600.822,2126.428,0.600332,176.793929,188.589,204.393,230.624,0.639888888888889
unseen_saturated,ml_throughput,7,920007,9,8,1000,0.65,144.0,11509,598,3,92.072,533.667228,835.240109,853.895599,0.907329,1254.158204,1334.007,1379.291,1687.915,0.934783,175.918333,185.208,200.182,224.82,0.6393888888888889
unseen_saturated,ml_throughput,8,920008,9,8,1000,0.65,144.0,11524,601,5,92.192,535.091187,838.468937,855.880425,0.902718,1260.463002,1355.463,1498.31,2022.777,0.928453,175.491769,185.171,202.514,230.742,0.6402222222222221
unseen_saturated,ml_throughput,9,920009,9,8,1000,0.65,144.0,11520,601,5,92.16,494.08028,997.771375,1033.149549,0.906232,1147.719694,1372.553,1883.859,2130.43,0.587354,177.712295,193.957,225.688,292.41,0.64
unseen_saturated,oracle_delay,0,920000,9,8,1000,0.65,144.0,10440,551,0,83.52,556.091208,768.1022,792.681505,0.926583,6933.764525,7693.293,9004.262,11784.954,0.981851,0.0,0.0,0.0,0.0,0.58
unseen_saturated,oracle_delay,1,920001,9,8,1000,0.65,144.0,10424,554,0,83.392,556.895684,777.39702,801.838721,0.927381,7248.741356,8175.421,12401.922,14315.681,0.974729,0.0,0.0,0.0,0.0,0.5791111111111111
unseen_saturated,oracle_delay,2,920002,9,8,1000,0.65,144.0,10394,551,0,83.152,528.68614,849.433381,871.949838,0.927876,6200.802345,7801.205,10765.716,12376.288,0.970962,0.0,0.0,0.0,0.0,0.5774444444444444
unseen_saturated,oracle_delay,3,920003,9,8,1000,0.65,144.0,10458,554,0,83.664,531.042598,842.138016,859.674284,0.926236,6107.076931,7695.441,9906.953,12446.54,0.974729,0.0,0.0,0.0,0.0,0.581
unseen_saturated,oracle_delay,4,920004,9,8,1000,0.65,144.0,10396,547,0,83.168,546.476954,780.884204,796.187588,0.926434,6400.755958,7820.881,8487.359,8880.947,0.976234,0.0,0.0,0.0,0.0,0.5775555555555556
unseen_saturated,oracle_delay,5,920005,9,8,1000,0.65,144.0,10474,551,0,83.792,559.353316,786.937266,808.355383,0.926035,7340.033967,8677.02,13103.217,14166.008,0.969147,0.0,0.0,0.0,0.0,0.5818888888888889
unseen_saturated,oracle_delay,6,920006,9,8,1000,0.65,144.0,10398,557,0,83.184,534.587958,907.07053,976.287008,0.926357,6252.768101,7803.393,9014.364,14155.121,0.983842,0.0,0.0,0.0,0.0,0.5776666666666667
unseen_saturated,oracle_delay,7,920007,9,8,1000,0.65,144.0,10378,551,0,83.024,533.445552,886.575434,970.879643,0.929825,6240.210958,7614.097,8882.005,11551.522,0.987296,0.0,0.0,0.0,0.0,0.5765555555555556
unseen_saturated,oracle_delay,8,920008,9,8,1000,0.65,144.0,10393,552,0,83.144,559.004821,792.330882,816.349213,0.928177,7059.246226,7565.263,8153.338,13607.288,0.978261,0.0,0.0,0.0,0.0,0.577388888888889
unseen_saturated,oracle_delay,9,920009,9,8,1000,0.65,144.0,10389,551,0,83.112,535.828974,885.183351,964.025653,0.928166,6456.228096,8050.317,12999.258,14548.735,0.983666,0.0,0.0,0.0,0.0,0.5771666666666666
unseen_saturated,oracle_throughput,0,920000,9,8,1000,0.65,144.0,11517,606,0,92.136,532.131824,867.814733,898.455769,0.909987,7541.236541,8742.071,9433.048,11016.804,0.983498,0.0,0.0,0.0,0.0,0.6398333333333333
unseen_saturated,oracle_throughput,1,920001,9,8,1000,0.65,144.0,11532,607,0,92.256,535.960613,863.995255,896.144709,0.90657,7508.831033,8708.531,9435.191,14016.77,0.976936,0.0,0.0,0.0,0.0,0.6406666666666667
unseen_saturated,oracle_throughput,2,920002,9,8,1000,0.65,144.0,11502,601,0,92.016,505.428013,944.054947,962.995079,0.916143,6429.536293,8364.178,8975.251,9515.568,0.973378,0.0,0.0,0.0,0.0,0.639
unseen_saturated,oracle_throughput,3,920003,9,8,1000,0.65,144.0,11506,604,0,92.048,531.070057,853.253867,871.679653,0.912672,7317.044397,8665.257,9217.878,12399.981,0.976821,0.0,0.0,0.0,0.0,0.6392222222222222
unseen_saturated,oracle_throughput,4,920004,9,8,1000,0.65,144.0,11515,599,0,92.12,529.370348,891.998823,911.038195,0.903829,6683.71891,8723.568,14247.852,15308.75,0.978297,0.0,0.0,0.0,0.0,0.6397222222222223
unseen_saturated,oracle_throughput,5,920005,9,8,1000,0.65,144.0,11515,603,0,92.12,536.078331,863.177767,884.704187,0.904151,7559.918219,8719.98,9461.645,13142.615,0.975124,0.0,0.0,0.0,0.0,0.6397222222222223
unseen_saturated,oracle_throughput,6,920006,9,8,1000,0.65,144.0,11521,607,0,92.168,501.757768,1033.630341,1095.077247,0.901099,6578.152929,8581.101,9577.733,13955.005,0.985173,0.0,0.0,0.0,0.0,0.6400555555555556
unseen_saturated,oracle_throughput,7,920007,9,8,1000,0.65,144.0,11508,603,0,92.064,505.210358,1025.724113,1058.762229,0.898185,6496.592327,8435.165,9082.348,9661.654,0.99005,0.0,0.0,0.0,0.0,0.6393333333333333
unseen_saturated,oracle_throughput,8,920008,9,8,1000,0.65,144.0,11527,599,0,92.216,531.311886,850.045247,873.375077,0.909735,7434.752574,8308.553,9532.381,13988.455,0.979967,0.0,0.0,0.0,0.0,0.6403888888888889
unseen_saturated,oracle_throughput,9,920009,9,8,1000,0.65,144.0,11521,601,0,92.168,503.524742,1023.656823,1061.158955,0.902462,6515.982183,8437.433,9030.154,11729.681,0.983361,0.0,0.0,0.0,0.0,0.6400555555555556
unseen_saturated,rr_default,0,920000,9,8,1000,0.65,144.0,8086,0,0,64.688,563.322838,923.752632,935.031393,0.975963,0.0,0.0,0.0,0.0,0.0,0.0,0.0,0.0,0.0,0.44922222222222224
unseen_saturated,rr_default,1,920001,9,8,1000,0.65,144.0,8090,0,0,64.72,563.594704,920.626986,929.674416,0.976173,0.0,0.0,0.0,0.0,0.0,0.0,0.0,0.0,0.0,0.4494444444444444
unseen_saturated,rr_default,2,920002,9,8,1000,0.65,144.0,8079,0,0,64.632,563.634099,908.471547,915.547101,0.976082,0.0,0.0,0.0,0.0,0.0,0.0,0.0,0.0,0.0,0.44883333333333336
unseen_saturated,rr_default,3,920003,9,8,1000,0.65,144.0,8084,0,0,64.672,563.40543,912.839901,925.369078,0.976439,0.0,0.0,0.0,0.0,0.0,0.0,0.0,0.0,0.0,0.44911111111111107
unseen_saturated,rr_default,4,920004,9,8,1000,0.65,144.0,7886,0,0,63.088,561.120289,903.831586,913.621855,0.979933,0.0,0.0,0.0,0.0,0.0,0.0,0.0,0.0,0.0,0.4381111111111111
unseen_saturated,rr_default,5,920005,9,8,1000,0.65,144.0,8089,0,0,64.712,564.239549,918.353747,929.76717,0.975572,0.0,0.0,0.0,0.0,0.0,0.0,0.0,0.0,0.0,0.4493888888888889
unseen_saturated,rr_default,6,920006,9,8,1000,0.65,144.0,7737,0,0,61.896,558.877576,936.930593,951.706393,0.983584,0.0,0.0,0.0,0.0,0.0,0.0,0.0,0.0,0.0,0.42983333333333335
unseen_saturated,rr_default,7,920007,9,8,1000,0.65,144.0,8079,0,0,64.632,562.947585,926.139393,933.024,0.976619,0.0,0.0,0.0,0.0,0.0,0.0,0.0,0.0,0.0,0.44883333333333336
unseen_saturated,rr_default,8,920008,9,8,1000,0.65,144.0,8084,0,0,64.672,563.19658,906.382147,913.983016,0.976449,0.0,0.0,0.0,0.0,0.0,0.0,0.0,0.0,0.0,0.44911111111111107
unseen_saturated,rr_default,9,920009,9,8,1000,0.65,144.0,7776,0,0,62.208,560.404165,939.234301,951.046347,0.9819,0.0,0.0,0.0,0.0,0.0,0.0,0.0,0.0,0.0,0.432
unseen_sparse,max_backlog,0,920000,9,8,1000,0.2,6.3,789,1215,0,6.312,0.529185,0.876616,1.21047,0.974115,38.329072,53.22,54.779,70.421,0.0,0.0,0.0,0.0,0.0,1.0
unseen_sparse,max_backlog,1,920001,9,8,1000,0.2,6.3,789,1220,0,6.312,0.527657,0.876616,1.20117,0.974115,38.516757,53.528,55.005,68.862,0.0,0.0,0.0,0.0,0.0,1.0
unseen_sparse,max_backlog,2,920002,9,8,1000,0.2,6.3,789,1216,0,6.312,0.526995,0.876616,1.15789,0.974115,38.348558,53.071,54.359,65.314,0.0,0.0,0.0,0.0,0.0,1.0
unseen_sparse,max_backlog,3,920003,9,8,1000,0.2,6.3,789,1221,0,6.312,0.528124,0.876616,1.16989,0.974115,41.889345,57.262,63.091,91.48,0.0,0.0,0.0,0.0,0.0,1.0
unseen_sparse,max_backlog,4,920004,9,8,1000,0.2,6.3,789,1199,0,6.312,0.52898,0.876616,1.21631,0.974115,38.969279,54.389,60.784,76.759,0.0,0.0,0.0,0.0,0.0,1.0
unseen_sparse,max_backlog,5,920005,9,8,1000,0.2,6.3,789,1221,0,6.312,0.529368,0.876616,1.20161,0.974115,45.299321,69.674,89.741,130.414,0.0,0.0,0.0,0.0,0.0,1.0
unseen_sparse,max_backlog,6,920006,9,8,1000,0.2,6.3,789,1164,0,6.312,0.527987,0.876616,1.20103,0.974115,39.340015,53.829,63.223,145.174,0.0,0.0,0.0,0.0,0.0,1.0
unseen_sparse,max_backlog,7,920007,9,8,1000,0.2,6.3,789,1217,0,6.312,0.52793,0.876616,1.20973,0.974115,38.631641,53.177,54.981,74.246,0.0,0.0,0.0,0.0,0.0,1.0
unseen_sparse,max_backlog,8,920008,9,8,1000,0.2,6.3,789,1218,0,6.312,0.527337,0.876616,1.21489,0.974115,42.382646,57.274,63.869,94.011,0.0,0.0,0.0,0.0,0.0,1.0
unseen_sparse,max_backlog,9,920009,9,8,1000,0.2,6.3,789,1167,0,6.312,0.52866,0.876616,1.19147,0.974115,38.51052,50.408,54.332,69.135,0.0,0.0,0.0,0.0,0.0,1.0
unseen_sparse,ml_delay,0,920000,9,8,1000,0.2,6.3,789,1476,4,6.312,0.617453,1.76574,2.30544,0.974115,382.602322,583.693,1138.571,1581.401,0.03523,179.092602,195.014,216.384,238.18,1.0
unseen_sparse,ml_delay,1,920001,9,8,1000,0.2,6.3,789,1479,6,6.312,0.620567,1.75586,2.31472,0.974115,371.568076,571.835,1116.836,1164.186,0.035159,176.267938,188.032,204.478,234.407,1.0
unseen_sparse,ml_delay,2,920002,9,8,1000,0.2,6.3,789,1478,5,6.312,0.618366,1.73874,2.3003,0.974115,382.167069,585.807,1130.641,1466.099,0.035183,179.803942,195.547,232.826,327.605,1.0
unseen_sparse,ml_delay,3,920003,9,8,1000,0.2,6.3,789,1481,7,6.312,0.621548,1.76574,2.29888,0.974115,380.603642,580.793,1127.977,1610.083,0.035111,178.468754,195.633,227.747,326.33,1.0
unseen_sparse,ml_delay,4,920004,9,8,1000,0.2,6.3,789,1429,7,6.312,0.623179,1.78044,2.31774,0.974115,374.686754,580.867,1118.426,1296.971,0.024493,176.384342,189.429,209.721,235.171,1.0
unseen_sparse,ml_delay,5,920005,9,8,1000,0.2,6.3,789,1482,8,6.312,0.61751,1.70872,2.27,0.974115,374.443234,574.334,1126.451,1636.182,0.035088,177.213063,192.79,213.22,272.853,1.0
unseen_sparse,ml_delay,6,920006,9,8,1000,0.2,6.3,789,1393,6,6.312,0.619974,1.77386,2.306,0.974115,365.69834,569.489,1101.035,1127.157,0.025126,175.126777,182.804,210.002,226.773,1.0
unseen_sparse,ml_delay,7,920007,9,8,1000,0.2,6.3,789,1479,4,6.312,0.620487,1.75704,2.324,0.974115,372.92121,571.056,1104.627,1308.075,0.035159,176.051147,187.227,213.77,234.653,1.0
unseen_sparse,ml_delay,8,920008,9,8,1000,0.2,6.3,789,1480,6,6.312,0.620271,1.73218,2.29046,0.974115,372.184424,568.673,1101.521,1143.033,0.035135,175.580797,184.689,218.062,279.35,1.0
unseen_sparse,ml_delay,9,920009,9,8,1000,0.2,6.3,789,1393,5,6.312,0.620875,1.74118,2.28986,0.974115,362.409419,561.851,1107.389,1142.71,0.025126,174.55005,181.179,189.216,263.55,1.0
unseen_sparse,ml_throughput,0,920000,9,8,1000,0.2,6.3,789,639,4,6.312,0.870354,0.87425,0.87576,0.974115,413.647279,1093.426,1137.809,1747.332,0.081377,177.684934,190.783,226.384,239.527,1.0
unseen_sparse,ml_throughput,1,920001,9,8,1000,0.2,6.3,789,642,6,6.312,0.870149,0.87425,0.87576,0.974115,415.268921,1102.853,1133.865,1765.191,0.080997,178.00446,194.954,223.681,228.187,1.0
unseen_sparse,ml_throughput,2,920002,9,8,1000,0.2,6.3,789,641,5,6.312,0.870012,0.87425,0.87576,0.974115,411.86832,1096.863,1122.012,1169.484,0.081123,176.738629,190.938,205.787,230.557,1.0
unseen_sparse,ml_throughput,3,920003,9,8,1000,0.2,6.3,789,643,7,6.312,0.870183,0.87425,0.87576,0.974115,403.234554,1084.96,1100.005,1116.881,0.080871,174.336404,183.285,188.58,212.16,1.0
unseen_sparse,ml_throughput,4,920004,9,8,1000,0.2,6.3,789,641,7,6.312,0.870217,0.87425,0.87576,0.974115,390.743178,1079.159,1099.284,1109.612,0.054602,173.948705,181.684,186.958,223.159,1.0
unseen_sparse,ml_throughput,5,920005,9,8,1000,0.2,6.3,789,645,8,6.312,0.870183,0.87425,0.87576,0.974115,412.490081,1102.78,1134.908,1240.318,0.08062,177.786746,193.859,217.652,265.884,1.0
unseen_sparse,ml_throughput,6,920006,9,8,1000,0.2,6.3,789,642,6,6.312,0.870046,0.87425,0.87576,0.974115,393.773368,1082.15,1104.563,1617.784,0.054517,174.842397,182.96,187.831,335.93,1.0
unseen_sparse,ml_throughput,7,920007,9,8,1000,0.2,6.3,789,641,3,6.312,0.870149,0.87425,0.87576,0.974115,416.094448,1110.028,1128.449,1310.481,0.081123,176.117718,184.803,215.59,232.156,1.0
unseen_sparse,ml_throughput,8,920008,9,8,1000,0.2,6.3,789,643,6,6.312,0.869944,0.87425,0.87576,0.974115,414.197879,1096.256,1143.029,2453.48,0.080871,176.812201,189.742,208.644,229.496,1.0
unseen_sparse,ml_throughput,9,920009,9,8,1000,0.2,6.3,789,642,5,6.312,0.870115,0.87425,0.87576,0.974115,401.984014,1086.922,1134.415,1621.302,0.054517,177.257936,190.849,210.98,294.712,1.0
unseen_sparse,oracle_delay,0,920000,9,8,1000,0.2,6.3,789,1217,0,6.312,0.529139,0.876616,1.17417,0.974115,516.33317,880.009,3180.792,5247.415,0.044371,0.0,0.0,0.0,0.0,1.0
unseen_sparse,oracle_delay,1,920001,9,8,1000,0.2,6.3,789,1219,0,6.312,0.52801,0.876616,1.16561,0.974115,499.73687,852.047,3133.708,3207.917,0.042658,0.0,0.0,0.0,0.0,1.0
unseen_sparse,oracle_delay,2,920002,9,8,1000,0.2,6.3,789,1216,0,6.312,0.526995,0.876616,1.15789,0.974115,503.341694,851.398,3131.146,3380.496,0.043586,0.0,0.0,0.0,0.0,1.0
unseen_sparse,oracle_delay,3,920003,9,8,1000,0.2,6.3,789,1221,0,6.312,0.528124,0.876616,1.16989,0.974115,508.681147,864.367,3210.171,3491.244,0.042588,0.0,0.0,0.0,0.0,1.0
unseen_sparse,oracle_delay,4,920004,9,8,1000,0.2,6.3,789,1184,0,6.312,0.528968,0.876616,1.21847,0.974115,486.069457,850.945,3127.25,4528.581,0.044764,0.0,0.0,0.0,0.0,1.0
unseen_sparse,oracle_delay,5,920005,9,8,1000,0.2,6.3,789,1221,0,6.312,0.529368,0.876616,1.20161,0.974115,508.822676,892.585,3189.837,4244.104,0.042588,0.0,0.0,0.0,0.0,1.0
unseen_sparse,oracle_delay,6,920006,9,8,1000,0.2,6.3,789,1151,0,6.312,0.528683,0.876616,1.15961,0.974115,497.399051,875.4,3148.091,3559.35,0.046047,0.0,0.0,0.0,0.0,1.0
unseen_sparse,oracle_delay,7,920007,9,8,1000,0.2,6.3,789,1217,0,6.312,0.52809,0.876616,1.19217,0.974115,512.54017,888.777,3209.89,3518.782,0.044371,0.0,0.0,0.0,0.0,1.0
unseen_sparse,oracle_delay,8,920008,9,8,1000,0.2,6.3,789,1218,0,6.312,0.528101,0.876616,1.20971,0.974115,508.370437,866.155,3189.29,3361.752,0.042693,0.0,0.0,0.0,0.0,1.0
unseen_sparse,oracle_delay,9,920009,9,8,1000,0.2,6.3,789,1150,0,6.312,0.527234,0.876616,1.18503,0.974115,494.365604,858.301,3142.868,3222.838,0.046087,0.0,0.0,0.0,0.0,1.0
unseen_sparse,oracle_throughput,0,920000,9,8,1000,0.2,6.3,789,1217,0,6.312,0.529139,0.876616,1.17417,0.974115,495.922786,849.683,3101.148,3154.542,0.042728,0.0,0.0,0.0,0.0,1.0
unseen_sparse,oracle_throughput,1,920001,9,8,1000,0.2,6.3,789,1219,0,6.312,0.52801,0.876616,1.16561,0.974115,517.929038,883.818,3159.571,5738.837,0.045119,0.0,0.0,0.0,0.0,1.0
unseen_sparse,oracle_throughput,2,920002,9,8,1000,0.2,6.3,789,1218,0,6.312,0.527029,0.876616,1.19225,0.974115,506.460131,874.778,3133.606,3464.43,0.043514,0.0,0.0,0.0,0.0,1.0
unseen_sparse,oracle_throughput,3,920003,9,8,1000,0.2,6.3,789,1221,0,6.312,0.528124,0.876616,1.16989,0.974115,503.279559,853.454,3119.709,3184.171,0.042588,0.0,0.0,0.0,0.0,1.0
unseen_sparse,oracle_throughput,4,920004,9,8,1000,0.2,6.3,789,1184,0,6.312,0.528968,0.876616,1.21847,0.974115,488.904226,891.897,3180.103,3548.689,0.044764,0.0,0.0,0.0,0.0,1.0
unseen_sparse,oracle_throughput,5,920005,9,8,1000,0.2,6.3,789,1221,0,6.312,0.529368,0.876616,1.20161,0.974115,498.379977,847.336,3109.613,4508.925,0.042588,0.0,0.0,0.0,0.0,1.0
unseen_sparse,oracle_throughput,6,920006,9,8,1000,0.2,6.3,789,1151,0,6.312,0.528683,0.876616,1.15961,0.974115,487.887167,863.882,3112.873,3202.478,0.046916,0.0,0.0,0.0,0.0,1.0
unseen_sparse,oracle_throughput,7,920007,9,8,1000,0.2,6.3,789,1217,0,6.312,0.52809,0.876616,1.19217,0.974115,513.306241,873.183,3153.107,3247.556,0.04355,0.0,0.0,0.0,0.0,1.0
unseen_sparse,oracle_throughput,8,920008,9,8,1000,0.2,6.3,789,1218,0,6.312,0.528101,0.876616,1.20971,0.974115,503.271594,855.78,3129.243,3315.727,0.043514,0.0,0.0,0.0,0.0,1.0
unseen_sparse,oracle_throughput,9,920009,9,8,1000,0.2,6.3,789,1150,0,6.312,0.527234,0.876616,1.18503,0.974115,501.064123,878.079,3207.312,5173.387,0.045217,0.0,0.0,0.0,0.0,1.0
unseen_sparse,rr_default,0,920000,9,8,1000,0.2,6.3,789,0,0,6.312,0.562117,1.39942,1.98278,0.974115,0.0,0.0,0.0,0.0,0.0,0.0,0.0,0.0,0.0,1.0
unseen_sparse,rr_default,1,920001,9,8,1000,0.2,6.3,789,0,0,6.312,0.561296,1.40011,1.96436,0.974115,0.0,0.0,0.0,0.0,0.0,0.0,0.0,0.0,0.0,1.0
unseen_sparse,rr_default,2,920002,9,8,1000,0.2,6.3,789,0,0,6.312,0.563988,1.40842,1.9987,0.974115,0.0,0.0,0.0,0.0,0.0,0.0,0.0,0.0,0.0,1.0
unseen_sparse,rr_default,3,920003,9,8,1000,0.2,6.3,789,0,0,6.312,0.563497,1.419075,2.014,0.974115,0.0,0.0,0.0,0.0,0.0,0.0,0.0,0.0,0.0,1.0
unseen_sparse,rr_default,4,920004,9,8,1000,0.2,6.3,789,0,0,6.312,0.562813,1.41038,1.9807,0.974115,0.0,0.0,0.0,0.0,0.0,0.0,0.0,0.0,0.0,1.0
unseen_sparse,rr_default,5,920005,9,8,1000,0.2,6.3,789,0,0,6.312,0.562277,1.404345,1.93226,0.974115,0.0,0.0,0.0,0.0,0.0,0.0,0.0,0.0,0.0,1.0
unseen_sparse,rr_default,6,920006,9,8,1000,0.2,6.3,789,0,0,6.312,0.560417,1.383765,1.95534,0.974115,0.0,0.0,0.0,0.0,0.0,0.0,0.0,0.0,0.0,1.0
unseen_sparse,rr_default,7,920007,9,8,1000,0.2,6.3,789,0,0,6.312,0.560953,1.3905,1.96268,0.974115,0.0,0.0,0.0,0.0,0.0,0.0,0.0,0.0,0.0,1.0
unseen_sparse,rr_default,8,920008,9,8,1000,0.2,6.3,789,0,0,6.312,0.561387,1.392395,1.98288,0.974115,0.0,0.0,0.0,0.0,0.0,0.0,0.0,0.0,0.0,1.0
unseen_sparse,rr_default,9,920009,9,8,1000,0.2,6.3,789,0,0,6.312,0.56214,1.412655,1.95766,0.974115,0.0,0.0,0.0,0.0,0.0,0.0,0.0,0.0,0.0,1.0
